Name,Slug,Collection ID,Locale ID,Item ID,Archived,Draft,Created On,Updated On,Published On,Parent topic
Composite Functions,composite-functions,6684077f11d3f5a17ab9e1cb,6683ff9ee7b6a46f898ebe86,6684085a4bd018e397418ab7,false,false,Tue Jul 02 2024 14:02:02 GMT+0000 (Coordinated Universal Time),Tue Jul 02 2024 14:02:02 GMT+0000 (Coordinated Universal Time),Wed Jul 03 2024 12:52:35 GMT+0000 (Coordinated Universal Time),functions
"Distance, Speed, and Time",distance-speed-and-time,6684077f11d3f5a17ab9e1cb,6683ff9ee7b6a46f898ebe86,6684085a2c601acad7b82aa8,false,false,Tue Jul 02 2024 14:02:02 GMT+0000 (Coordinated Universal Time),Tue Jul 02 2024 14:02:02 GMT+0000 (Coordinated Universal Time),Wed Jul 03 2024 12:52:35 GMT+0000 (Coordinated Universal Time),conversions
Factor-Label Conversions,factor-label-conversions,6684077f11d3f5a17ab9e1cb,6683ff9ee7b6a46f898ebe86,6684085a14c121481750305a,false,false,Tue Jul 02 2024 14:02:02 GMT+0000 (Coordinated Universal Time),Tue Jul 02 2024 14:02:02 GMT+0000 (Coordinated Universal Time),Wed Jul 03 2024 12:52:35 GMT+0000 (Coordinated Universal Time),conversions
Finding a part,finding-a-part,6684077f11d3f5a17ab9e1cb,6683ff9ee7b6a46f898ebe86,66869841a9e615867359494f,false,false,Thu Jul 04 2024 12:40:32 GMT+0000 (Coordinated Universal Time),Thu Jul 04 2024 12:40:32 GMT+0000 (Coordinated Universal Time),Thu Jul 04 2024 12:47:30 GMT+0000 (Coordinated Universal Time),percents
Finding a percentage,finding-a-percentage,6684077f11d3f5a17ab9e1cb,6683ff9ee7b6a46f898ebe86,66869828b383de5641d4243a,false,false,Thu Jul 04 2024 12:40:08 GMT+0000 (Coordinated Universal Time),Thu Jul 04 2024 12:40:08 GMT+0000 (Coordinated Universal Time),Thu Jul 04 2024 12:47:30 GMT+0000 (Coordinated Universal Time),percents
Finding the whole,finding-the-whole,6684077f11d3f5a17ab9e1cb,6683ff9ee7b6a46f898ebe86,668698631acddefbe8e5f43a,false,false,Thu Jul 04 2024 12:41:07 GMT+0000 (Coordinated Universal Time),Thu Jul 04 2024 12:41:07 GMT+0000 (Coordinated Universal Time),Thu Jul 04 2024 12:47:30 GMT+0000 (Coordinated Universal Time),percents
Graphs of Functions,graphs-of-functions,6684077f11d3f5a17ab9e1cb,6683ff9ee7b6a46f898ebe86,6684085ac76b7de33e66dc38,false,false,Tue Jul 02 2024 14:02:02 GMT+0000 (Coordinated Universal Time),Tue Jul 02 2024 14:02:02 GMT+0000 (Coordinated Universal Time),Wed Jul 03 2024 12:52:35 GMT+0000 (Coordinated Universal Time),functions
Intro to Percent decrease/increase,intro-to-percent-decrease-increase,6684077f11d3f5a17ab9e1cb,6683ff9ee7b6a46f898ebe86,668698cda1ab39824cd6b35c,false,false,Thu Jul 04 2024 12:42:53 GMT+0000 (Coordinated Universal Time),Thu Jul 04 2024 12:42:53 GMT+0000 (Coordinated Universal Time),Thu Jul 04 2024 12:47:30 GMT+0000 (Coordinated Universal Time),percents
Intro to Percent decrease/increase,intro-to-percent-decrease-increase-2,6684077f11d3f5a17ab9e1cb,6683ff9ee7b6a46f898ebe86,6689797b2006a7a14dbeab5c,false,false,Sat Jul 06 2024 17:06:03 GMT+0000 (Coordinated Universal Time),Sun Jul 07 2024 03:58:03 GMT+0000 (Coordinated Universal Time),Sun Jul 07 2024 03:58:18 GMT+0000 (Coordinated Universal Time),
Intro to percents,intro-to-percents,6684077f11d3f5a17ab9e1cb,6683ff9ee7b6a46f898ebe86,668698076be252f8f1a6b7ea,false,false,Thu Jul 04 2024 12:39:35 GMT+0000 (Coordinated Universal Time),Thu Jul 04 2024 12:39:35 GMT+0000 (Coordinated Universal Time),Thu Jul 04 2024 12:47:30 GMT+0000 (Coordinated Universal Time),
Introduction to Functions,introduction-to-functions,6684077f11d3f5a17ab9e1cb,6683ff9ee7b6a46f898ebe86,6684085a48dbcf8b8cf22b86,false,false,Tue Jul 02 2024 14:02:02 GMT+0000 (Coordinated Universal Time),Tue Jul 02 2024 14:02:02 GMT+0000 (Coordinated Universal Time),Wed Jul 03 2024 12:52:35 GMT+0000 (Coordinated Universal Time),functions
Mean,mean,6684077f11d3f5a17ab9e1cb,6683ff9ee7b6a46f898ebe86,668408595b97167bdd171435,false,false,Tue Jul 02 2024 14:02:01 GMT+0000 (Coordinated Universal Time),Tue Jul 02 2024 14:02:01 GMT+0000 (Coordinated Universal Time),Wed Jul 03 2024 12:52:35 GMT+0000 (Coordinated Universal Time),statistics
Median,median,6684077f11d3f5a17ab9e1cb,6683ff9ee7b6a46f898ebe86,668408595b97167bdd171437,false,false,Tue Jul 02 2024 14:02:01 GMT+0000 (Coordinated Universal Time),Tue Jul 02 2024 14:02:01 GMT+0000 (Coordinated Universal Time),Wed Jul 03 2024 12:52:35 GMT+0000 (Coordinated Universal Time),statistics
Mode,mode,6684077f11d3f5a17ab9e1cb,6683ff9ee7b6a46f898ebe86,668408599491dcf30cf6403c,false,false,Tue Jul 02 2024 14:02:01 GMT+0000 (Coordinated Universal Time),Tue Jul 02 2024 14:02:01 GMT+0000 (Coordinated Universal Time),Wed Jul 03 2024 12:52:35 GMT+0000 (Coordinated Universal Time),statistics
Percent decrease,percent-decrease,6684077f11d3f5a17ab9e1cb,6683ff9ee7b6a46f898ebe86,66897a509d3a9c5b3696384f,false,false,Sat Jul 06 2024 17:09:36 GMT+0000 (Coordinated Universal Time),Sun Jul 07 2024 03:57:58 GMT+0000 (Coordinated Universal Time),Sun Jul 07 2024 03:58:18 GMT+0000 (Coordinated Universal Time),
Percent increase,percent-increase,6684077f11d3f5a17ab9e1cb,6683ff9ee7b6a46f898ebe86,66897a5a841038c69e739780,false,false,Sat Jul 06 2024 17:09:46 GMT+0000 (Coordinated Universal Time),Sat Jul 06 2024 17:09:46 GMT+0000 (Coordinated Universal Time),Sat Jul 06 2024 17:12:43 GMT+0000 (Coordinated Universal Time),
Proportional Conversions,proportional-conversions,6684077f11d3f5a17ab9e1cb,6683ff9ee7b6a46f898ebe86,6684085a0738bb0f942dd612,false,false,Tue Jul 02 2024 14:02:02 GMT+0000 (Coordinated Universal Time),Tue Jul 02 2024 14:02:02 GMT+0000 (Coordinated Universal Time),Wed Jul 03 2024 12:52:35 GMT+0000 (Coordinated Universal Time),functions
Range,range,6684077f11d3f5a17ab9e1cb,6683ff9ee7b6a46f898ebe86,66840859220a85f6a92a854d,false,false,Tue Jul 02 2024 14:02:01 GMT+0000 (Coordinated Universal Time),Tue Jul 02 2024 14:02:01 GMT+0000 (Coordinated Universal Time),Wed Jul 03 2024 12:52:35 GMT+0000 (Coordinated Universal Time),statistics
Relative Change,relative-change,6684077f11d3f5a17ab9e1cb,6683ff9ee7b6a46f898ebe86,668698fd701f47c3d1734fff,false,false,Thu Jul 04 2024 12:43:41 GMT+0000 (Coordinated Universal Time),Thu Jul 04 2024 12:43:41 GMT+0000 (Coordinated Universal Time),Thu Jul 04 2024 12:47:30 GMT+0000 (Coordinated Universal Time),percents
Solving summary‍,solving-summary,6684077f11d3f5a17ab9e1cb,6683ff9ee7b6a46f898ebe86,668698b78760a4abfa5ff615,false,false,Thu Jul 04 2024 12:42:31 GMT+0000 (Coordinated Universal Time),Thu Jul 04 2024 12:42:31 GMT+0000 (Coordinated Universal Time),Thu Jul 04 2024 12:47:30 GMT+0000 (Coordinated Universal Time),percents
Standard Deviation,standard-deviation,6684077f11d3f5a17ab9e1cb,6683ff9ee7b6a46f898ebe86,6684085978f6355301e44c60,false,false,Tue Jul 02 2024 14:02:01 GMT+0000 (Coordinated Universal Time),Tue Jul 02 2024 14:02:01 GMT+0000 (Coordinated Universal Time),Wed Jul 03 2024 12:52:35 GMT+0000 (Coordinated Universal Time),statistics
Stats: The Basics,stats-on-the-sat-the-basics,6684077f11d3f5a17ab9e1cb,6683ff9ee7b6a46f898ebe86,668408597e16cbe9d72f8a02,false,false,Tue Jul 02 2024 14:02:01 GMT+0000 (Coordinated Universal Time),Tue Jul 02 2024 14:02:01 GMT+0000 (Coordinated Universal Time),Wed Jul 03 2024 12:52:35 GMT+0000 (Coordinated Universal Time),statistics
